{"duration": 222.7535843849182, "input_args": {"vectors": "array([[0.00000000e+00, 0.00000000e+00, 0.00000000e+00, ...,\n        0.00000000e+00, 0.00000000e+00, 0.00000000e+00],\n       [0.00000000e+00, 0.00000000e+00, 0.00000000e+00, ...,\n        0.00000000e+00, 0.00000000e+00, 0.00000000e+00],\n       [0.00000000e+00, 0.00000000e+00, 0.00000000e+00, ...,\n        0.00000000e+00, 0.00000000e+00, 0.00000000e+00],\n       ...,\n       [0.00000000e+00, 0.00000000e+00, 0.00000000e+00, ...,\n        0.00000000e+00, 0.00000000e+00, 0.00000000e+00],\n       [0.00000000e+00, 0.00000000e+00, 0.00000000e+00, ...,\n        0.00000000e+00, 0.00000000e+00, 0.00000000e+00],\n       [2.47479722e-05, 1.76655999e-04, 1.53683197e-04, ...,\n        2.63466280e-03, 2.64645750e-03, 1.96316371e-03]])"}, "time": 1729938821.5435882}