{"duration": 234.31465339660645, "input_args": {"vectors": "array([[0.        , 0.        , 0.        , ..., 0.        , 0.        ,\n        0.        ],\n       [0.        , 0.        , 0.        , ..., 0.        , 0.        ,\n        0.        ],\n       [0.        , 0.        , 0.        , ..., 0.        , 0.        ,\n        0.        ],\n       ...,\n       [0.        , 0.        , 0.        , ..., 0.        , 0.        ,\n        0.        ],\n       [0.        , 0.        , 0.        , ..., 0.        , 0.        ,\n        0.        ],\n       [0.        , 0.00013498, 0.        , ..., 0.00252339, 0.00262484,\n        0.00131322]])"}, "time": 1730024448.1621895}