{"duration": 220.92652082443237, "input_args": {"vectors": "array([[0.        , 0.        , 0.        , ..., 0.        , 0.        ,\n        0.        ],\n       [0.        , 0.        , 0.        , ..., 0.        , 0.        ,\n        0.        ],\n       [0.        , 0.        , 0.        , ..., 0.        , 0.        ,\n        0.        ],\n       ...,\n       [0.        , 0.        , 0.        , ..., 0.        , 0.        ,\n        0.        ],\n       [0.        , 0.        , 0.        , ..., 0.        , 0.        ,\n        0.        ],\n       [0.        , 0.00013956, 0.        , ..., 0.00261917, 0.00272447,\n        0.00136245]])"}, "time": 1729939163.1685553}