{"duration": 4.445766925811768, "input_args": {"vectors": "array([[0., 0., 0., ..., 0., 0., 0.],\n       [0., 0., 0., ..., 0., 0., 0.],\n       [0., 0., 0., ..., 0., 0., 0.],\n       ...,\n       [0., 0., 0., ..., 0., 0., 0.],\n       [0., 0., 0., ..., 0., 0., 0.],\n       [0., 0., 0., ..., 0., 0., 0.]])"}, "time": 1730023972.6725807}