{"duration": 216.65194940567017, "input_args": {"vectors": "array([[0.00000000e+00, 0.00000000e+00, 0.00000000e+00, ...,\n        0.00000000e+00, 0.00000000e+00, 0.00000000e+00],\n       [0.00000000e+00, 0.00000000e+00, 0.00000000e+00, ...,\n        0.00000000e+00, 0.00000000e+00, 0.00000000e+00],\n       [0.00000000e+00, 0.00000000e+00, 0.00000000e+00, ...,\n        0.00000000e+00, 0.00000000e+00, 0.00000000e+00],\n       ...,\n       [0.00000000e+00, 0.00000000e+00, 0.00000000e+00, ...,\n        0.00000000e+00, 0.00000000e+00, 0.00000000e+00],\n       [0.00000000e+00, 0.00000000e+00, 0.00000000e+00, ...,\n        0.00000000e+00, 0.00000000e+00, 0.00000000e+00],\n       [1.23257305e-04, 7.62953668e-05, 9.81289568e-05, ...,\n        3.67537146e-03, 2.69343667e-03, 3.97172210e-03]])"}, "time": 1729937665.105543}