{"duration": 5.994492053985596, "input_args": {"vectors": "array([[0., 0., 0., ..., 0., 0., 0.],\n       [0., 0., 0., ..., 0., 0., 0.],\n       [0., 0., 0., ..., 0., 0., 0.],\n       ...,\n       [0., 0., 0., ..., 0., 0., 0.],\n       [0., 0., 0., ..., 0., 0., 0.],\n       [0., 0., 0., ..., 0., 0., 0.]])"}, "time": 1730024136.0634935}